{
  "accuracy": 0.82,
  "f1_macro": 0.8192791700772786,
  "f1_weighted": 0.8192791700772786,
  "classification_report": {
    "Access": {
      "precision": 0.8214285714285714,
      "recall": 0.92,
      "f1-score": 0.8679245283018868,
      "support": 25.0
    },
    "Administrative rights": {
      "precision": 0.9285714285714286,
      "recall": 0.52,
      "f1-score": 0.6666666666666666,
      "support": 25.0
    },
    "HR Support": {
      "precision": 0.7777777777777778,
      "recall": 0.84,
      "f1-score": 0.8076923076923077,
      "support": 25.0
    },
    "Hardware": {
      "precision": 0.76,
      "recall": 0.76,
      "f1-score": 0.76,
      "support": 25.0
    },
    "Internal Project": {
      "precision": 0.95,
      "recall": 0.76,
      "f1-score": 0.8444444444444444,
      "support": 25.0
    },
    "Miscellaneous": {
      "precision": 0.6052631578947368,
      "recall": 0.92,
      "f1-score": 0.7301587301587301,
      "support": 25.0
    },
    "Purchase": {
      "precision": 0.9230769230769231,
      "recall": 0.96,
      "f1-score": 0.9411764705882353,
      "support": 25.0
    },
    "Storage": {
      "precision": 1.0,
      "recall": 0.88,
      "f1-score": 0.9361702127659575,
      "support": 25.0
    },
    "accuracy": 0.82,
    "macro avg": {
      "precision": 0.8457647323436797,
      "recall": 0.8200000000000001,
      "f1-score": 0.8192791700772786,
      "support": 200.0
    },
    "weighted avg": {
      "precision": 0.8457647323436797,
      "recall": 0.82,
      "f1-score": 0.8192791700772786,
      "support": 200.0
    }
  }
}